		sensor 1
		sensor 2
		sensor 1
		sensor 2
      ;100010.14;102075.25
    21;100009.81;102074.33
    44;100010.70;102074.53
    68;100010.02;102073.81
    91;100010.17;102073.47
   114;100010.48;102073.12
   137;100010.14;102072.55
   160;100010.80;102072.28
   183;100010.52;102072.80
   207;100010.22;102071.17
   230;100010.22;102071.81
   253;100010.16;102071.41
   275;100010.41;102070.72
   299;100009.98;102071.09
   322;100010.25;102070.75
   345;100010.19;102069.66
   369;100009.86;102070.19
   392;100009.97;102069.66
   415;100009.97;102068.05
   439;100010.00;102068.77
   461;100009.97;102068.45
   484;100009.95;102068.27
   507;100010.39;102068.33
   531;100010.25;102067.64
   554;100010.22;102067.08
   577;100010.94;102066.84
   601;100010.16;102066.06
   623;100010.19;102066.31
   646;100009.94;102066.48
   670;100010.28;102065.80
   693;100010.23;102065.45
   716;100009.98;102065.33
   740;100010.06;102064.95
   762;100010.78;102064.75
   785;100010.41;102062.59
   809;100010.61;102063.94
   832;100010.52;102063.58
   855;100010.05;102063.14
   878;100010.05;102062.20
   901;100010.36;102063.45
   925;100010.50;102062.73
   947;100010.42;102061.95
   971;100010.53;102062.06
   994;100010.33;102061.25
  1017;100010.61;102061.02
  1040;100009.86;102061.14
  1064;100009.92;102059.94
  1087;100010.70;102061.11
  1109;100010.30;102059.66
  1133;100010.09;102058.92
  1156;100010.09;102059.25
  1179;100010.08;102058.72
  1202;100010.59;102058.53
  1225;100009.97;102057.72
  1249;100010.11;102058.98
  1272;100010.28;102057.25
  1295;100010.25;102057.02
  1318;100010.66;102056.81
  1342;100010.34;102055.80
  1365;100010.17;102056.02
  1387;100010.16;102056.36
  1411;100010.73;102055.45
  1434;100010.55;102055.45
  1457;100009.92;102053.94
  1480;100010.53;102054.20
  1504;100010.44;102054.94
  1527;100010.48;102052.84
  1549;100010.47;102053.02
  1573;100009.83;102053.31
  1596;100010.23;102053.62
  1619;100010.30;102051.75
  1643;100010.36;102053.00
  1666;100010.38;102052.19
  1689;100009.73;102052.31
  1711;100010.38;102051.39
  1735;100010.25;102050.95
  1758;100010.53;102050.23
  1781;100010.23;102050.50
  1805;100010.28;102050.67
  1828;100010.11;102050.12
  1851;100010.22;102049.64
  1874;100010.44;102048.83
  1898;100010.41;102049.03
  1921;100010.44;102049.27
  1943;100010.02;102048.14
  1967;100010.09;102048.17
  1990;100010.58;102046.98
  2013;100010.41;102047.20
  2036;100010.62;102047.05
  2060;100010.53;102047.42
  2083;100010.27;102046.61
  2105;100010.64;102046.12
  2129;100010.38;102045.50
  2152;100010.28;102045.05
  2175;100010.36;102045.67
  2198;100010.53;102044.41
  2222;100010.31;102045.25
  2245;100010.56;102043.22
  2268;100010.06;102043.38
  2292;100010.61;102043.53
  2314;100009.88;102043.86
  2337;100010.28;102043.00
  2360;100010.38;102041.84
  2384;100010.47;102041.70
  2407;100010.81;102041.84
  2430;100010.19;102041.77
  2453;100010.66;102040.27
  2476;100010.41;102040.22
  2499;100010.92;102041.34
  2523;100010.28;102040.62
  2546;100010.23;102040.86
  2569;100010.33;102039.73
  2592;100010.44;102039.69
  2616;100010.00;102039.55
  2638;100010.02;102038.95
  2661;100010.48;102039.16
  2685;100010.78;102038.23
  2708;100010.73;102038.50
  2731;100010.58;102037.58
  2755;100010.89;102037.97
  2778;100010.72;102037.14
  2801;100010.86;102037.31
  2824;100010.64;102036.36
  2846;100010.52;102035.66
  2871;100010.25;102035.62
  2893;100010.56;102034.67
  2916;100010.72;102034.94
  2940;100010.75;102034.31
  2963;100010.97;102035.64
  2986;100010.39;102034.84
  3010;100010.56;102033.62
  3032;100010.53;102032.67
  3055;100010.67;102032.84
  3079;100010.72;102032.33
  3102;100010.42;102032.72
  3125;100010.28;102031.81
  3149;100010.39;102032.22
  3171;100009.91;102031.67
  3194;100010.39;102031.78
  3217;100010.69;102031.22
  3241;100010.09;102031.70
  3264;100010.50;102029.56
  3287;100010.73;102029.73
  3311;100010.45;102029.44
  3334;100010.64;102030.38
  3356;100010.77;102030.20
  3379;100010.27;102029.06
  3403;100010.42;102028.47
  3426;100010.39;102027.67
  3449;100010.33;102027.98
  3472;100010.77;102027.69
  3495;100011.06;102026.86
  3519;100010.42;102026.94
  3542;100010.95;102026.14
  3565;100010.31;102027.14
  3589;100010.77;102027.14
  3612;100011.09;102025.97
  3634;100010.58;102025.70
  3658;100011.06;102024.25
  3681;100010.45;102025.45
  3704;100010.44;102025.19
  3727;100010.41;102023.95
  3751;100010.69;102023.42
  3774;100010.42;102024.02
  3796;100010.70;102023.00
  3820;100010.78;102023.17
  3844;100010.58;102022.88
  3866;100010.52;102023.22
  3890;100010.73;102022.23
  3912;100011.05;102021.27
  3935;100010.64;102021.44
  3959;100010.34;102020.95
  3982;100010.66;102020.64
  4005;100010.72;102021.80
  4029;100010.86;102020.94
  4051;100010.41;102019.44
  4074;100010.22;102019.08
  4098;100010.38;102019.69
  4121;100010.73;102019.80
  4144;100010.69;102018.41
  4168;100010.44;102018.22
  4191;100010.80;102017.91
  4213;100010.58;102017.89
  4236;100011.19;102018.20
  4260;100010.94;102016.84
  4283;100010.69;102016.86
  4306;100011.09;102017.39
  4330;100010.14;102016.23
  4353;100010.83;102016.78
  4376;100010.45;102015.61
  4398;100010.77;102014.86
  4422;100010.39;102015.55
  4445;100011.22;102015.36
  4468;100010.77;102015.66
  4492;100010.52;102013.77
  4515;100010.95;102014.58
  4538;100010.78;102012.53
  4561;100010.86;102013.80
  4585;100010.84;102013.20
  4608;100011.23;102012.80
  4630;100010.84;102012.95
  4654;100010.69;102011.53
  4677;100010.66;102012.03
  4700;100010.53;102011.27
  4723;100010.38;102011.09
  4747;100010.58;102010.84
  4769;100010.58;102009.77
  4792;100010.70;102010.62
  4816;100010.44;102009.56
  4839;100010.72;102010.34
  4862;100010.97;102009.86
  4886;100010.64;102009.00
  4909;100010.88;102008.91
  4932;100010.72;102008.30
  4954;100010.16;102008.88
  4978;100010.75;102008.58
  5001;100010.78;102007.86
  5024;100011.02;102006.88
  5047;100010.58;102007.39
  5071;100010.70;102006.75
  5094;100010.66;102006.16
  5117;100011.09;102005.92
  5140;100010.88;102006.69
  5164;100010.58;102005.75
  5186;100010.78;102005.14
  5209;100011.02;102005.58
  5233;100010.55;102004.38
  5256;100010.53;102004.78
  5279;100010.75;102003.72
  5303;100010.94;102003.62
  5326;100010.58;102003.70
  5348;100011.17;102003.53
  5372;100010.64;102002.27
  5395;100010.62;102003.02
  5418;100011.11;102002.08
  5441;100010.92;102003.02
  5465;100010.89;102001.56
  5488;100011.31;102000.28
  5510;100010.69;102001.33
  5534;100011.36;102000.56
  5557;100010.92;101999.75
  5580;100010.80;102000.31
  5604;100010.91;101999.38
  5627;100011.25;101999.94
  5650;100010.97;101998.92
  5672;100011.23;101998.08
  5696;100011.66;101997.47
  5719;100010.66;101998.53
  5742;100010.98;101998.16
  5766;100011.19;101997.55
  5789;100010.83;101997.12
  5812;100010.62;101997.05
  5835;100010.56;101997.14
  5859;100010.67;101996.91
  5881;100010.69;101996.73
  5904;100010.84;101995.70
  5928;100011.38;101995.58
  5951;100011.16;101994.84
  5974;100011.19;101995.25
  5997;100011.05;101995.62
  6021;100011.12;101994.05
  6044;100010.89;101993.95
  6066;100010.98;101993.30
  6089;100011.23;101993.48
  6113;100011.14;101992.92
  6136;100010.97;101993.22
  6159;100011.12;101992.91
  6183;100010.73;101992.36
  6206;100011.09;101991.72
  6229;100011.00;101991.92
  6253;100011.23;101991.52
  6275;100010.69;101990.84
  6298;100011.16;101990.48
  6321;100011.00;101991.00
  6345;100011.03;101990.25
  6368;100011.34;101990.36
  6391;100011.14;101989.94
  6415;100010.88;101989.62
  6437;100011.22;101990.27
  6460;100010.81;101988.48
  6483;100011.23;101988.55
  6507;100011.44;101988.36
  6530;100011.19;101988.28
  6553;100010.56;101987.36
  6577;100010.81;101986.02
  6600;100010.95;101987.23
  6622;100011.39;101987.00
  6646;100011.17;101986.25
  6669;100010.92;101986.47
  6692;100011.16;101985.17
  6716;100010.84;101985.11
  6739;100010.62;101985.78
  6761;100011.44;101984.61
  6785;100010.73;101984.69
  6808;100011.31;101984.80
  6831;100010.95;101983.39
  6854;100010.88;101984.12
  6878;100011.03;101984.30
  6900;100011.23;101982.59
  6924;100011.02;101983.59
  6946;100011.42;101982.75
  6970;100011.64;101982.27
  6993;100010.95;101981.39
  7016;100011.08;101982.17
  7040;100011.56;101982.33
  7062;100011.14;101981.69
  7087;100010.59;101981.12
  7109;100011.66;101980.39
  7132;100011.50;101978.84
  7155;100011.23;101981.23
  7179;100011.33;101979.66
  7202;100011.39;101979.98
  7226;100010.94;101978.45
  7248;100010.94;101977.86
  7271;100011.30;101978.38
  7294;100010.83;101978.81
  7318;100011.08;101978.38
  7341;100011.30;101978.09
  7364;100011.52;101978.03
  7387;100011.11;101978.08
  7410;100011.45;101976.59
  7433;100011.08;101977.05
  7457;100011.19;101975.89
  7480;100010.91;101976.02
  7503;100011.31;101975.89
  7527;100011.61;101974.78
  7549;100011.47;101976.02
  7572;100011.16;101975.16
  7595;100011.33;101974.92
  7619;100011.42;101974.09
  7642;100011.03;101974.30
  7665;100011.11;101974.52
  7689;100011.14;101973.77
  7711;100011.75;101973.27
  7734;100011.22;101973.22
  7758;100011.20;101972.70
  7781;100011.12;101972.81
  7804;100011.06;101971.44
  7828;100011.00;101973.03
  7851;100010.91;101971.80
  7874;100011.17;101971.58
  7897;100011.25;101970.84
  7919;100011.80;101970.75
  7943;100010.97;101971.06
  7966;100011.52;101969.91
  7989;100011.36;101970.47
  8013;100011.33;101970.34
  8036;100011.20;101970.42
  8059;100011.30;101969.88
  8082;100011.36;101969.73
  8106;100011.12;101969.12
  8128;100011.28;101969.86
  8151;100011.72;101968.20
  8175;100011.27;101968.50
  8198;100011.64;101968.73
  8221;100011.31;101968.30
  8245;100011.70;101968.08
  8267;100010.98;101967.27
  8290;100011.34;101966.72
  8314;100011.53;101966.95
  8337;100011.48;101966.39
  8360;100011.31;101966.00
  8383;100011.11;101966.88
  8407;100011.75;101965.31
  8429;100011.12;101965.94
  8452;100011.00;101965.25
  8476;100011.33;101964.92
  8499;100010.94;101964.91
  8522;100010.77;101965.02
  8545;100011.75;101963.06
  8569;100011.12;101964.86
  8592;100011.47;101965.66
  8614;100011.70;101964.47
  8638;100011.34;101963.97
  8661;100011.50;101963.89
  8684;100011.92;101963.33
  8707;100010.77;101962.86
  8731;100011.73;101964.16
  8754;100011.34;101962.75
  8776;100010.98;101964.03
  8801;100011.27;101962.55
  8824;100011.39;101963.28
  8846;100011.34;101963.39
  8869;100011.55;101962.12
  8893;100011.59;101962.67
  8916;100011.16;101961.83
  8939;100011.39;101961.88
  8962;100011.84;101961.52
  8986;100011.23;101962.88
  9009;100011.41;101961.45
  9031;100011.31;101961.64
  9055;100010.89;101961.75
  9078;100011.39;101961.77
  9101;100011.41;101962.19
  9124;100011.12;101962.12
  9148;100011.59;101961.47
  9171;100011.36;101962.73
  9193;100011.17;101963.81
  9217;100011.20;101963.45
  9240;100011.78;101965.02
  9263;100011.53;101965.98
  9287;100011.17;101965.27
  9310;100010.89;101966.05
  9333;100011.53;101968.33
  9356;100011.47;101966.67
  9379;100011.56;101967.55
  9402;100011.59;101967.94
  9425;100011.52;101969.84
  9449;100011.52;101970.36
  9472;100011.27;101970.94
  9495;100011.66;101971.14
  9518;100011.22;101972.05
  9542;100011.56;101973.31
  9564;100011.41;101974.12
  9587;100011.75;101974.92
  9611;100011.38;101977.16
  9634;100011.28;101977.00
  9657;100012.33;101978.92
  9681;100011.28;101979.02
  9704;100010.98;101980.88
  9726;100011.72;101981.52
  9749;100011.48;101982.98
  9773;100011.88;101983.28
  9796;100011.69;101985.00
  9819;100011.62;101985.97
  9842;100011.34;101987.84
  9866;100011.98;101988.47
  9889;100011.73;101989.88
  9911;100011.38;101990.11
  9935;100012.03;101991.55
  9958;100012.27;101993.44
  9981;100011.88;101993.58
 10004;100011.52;101995.00
 10027;100011.20;101996.00
 10051;100011.67;101997.88
 10074;100011.83;101999.56
 10097;100011.73;102001.42
 10121;100011.36;102002.77
 10144;100011.50;102004.41
 10166;100011.50;102006.42
 10189;100012.05;102007.28
 10213;100011.59;102010.05
 10236;100011.25;102012.16
 10259;100011.27;102013.50
 10283;100011.69;102015.33
 10306;100011.75;102016.69
 10329;100011.56;102017.89
 10352;100011.67;102020.36
 10375;100011.72;102021.38
 10398;100011.52;102022.91
 10421;100011.89;102024.44
 10445;100011.81;102028.11
 10468;100011.83;102029.33
 10491;100011.59;102030.94
 10514;100011.52;102031.81
 10538;100011.59;102034.17
 10561;100011.97;102036.41
 10584;100011.08;102038.28
 10606;100011.31;102040.14
 10630;100012.16;102041.83
 10653;100011.58;102044.08
 10676;100011.69;102045.81
 10700;100012.19;102049.00
 10723;100012.02;102050.77
 10746;100011.02;102051.28
 10770;100011.02;102053.45
 10792;100011.33;102054.88
 10815;100012.11;102056.81
 10838;100011.84;102056.95
 10862;100012.03;102059.30
 10885;100012.00;102061.30
 10908;100011.98;102061.39
 10931;100011.75;102063.94
 10954;100011.73;102065.47
 10978;100012.03;102065.38
 11001;100011.70;102065.98
 11024;100011.58;102067.41
 11046;100011.33;102069.31
 11071;100011.30;102069.09
 11093;100011.95;102069.28
 11117;100011.88;102069.78
 11139;100011.67;102069.98
 11162;100011.94;102070.59
 11186;100011.61;102070.09
 11209;100011.52;102069.36
 11232;100011.80;102068.83
 11256;100011.77;102068.14
 11278;100011.66;102067.62
 11302;100012.14;102067.12
 11325;100011.50;102066.30
 11348;100011.47;102065.45
 11371;100012.00;102065.47
 11395;100012.09;102064.14
 11418;100012.02;102064.08
 11440;100011.66;102063.80
 11464;100012.39;102064.86
 11487;100011.73;102063.91
 11510;100012.03;102063.34
 11533;100011.56;102064.23
 11557;100012.20;102064.02
 11580;100011.84;102063.14
 11602;100012.17;102062.88
 11627;100011.80;102063.17
 11649;100011.89;102064.55
 11672;100011.92;102065.16
 11696;100011.95;102064.88
 11718;100011.86;102065.00
 11742;100011.97;102065.52
 11765;100011.62;102065.11
 11788;100011.81;102065.98
 11812;100012.23;102066.50
 11834;100012.00;102067.22
 11858;100011.73;102066.64
 11881;100011.89;102067.45
 11903;100012.19;102068.28
 11927;100011.95;102068.05
 11951;100011.86;102070.41
 11973;100011.56;102069.56
 11997;100011.69;102070.03
 12020;100012.23;102070.78
 12043;100011.70;102071.22
 12067;100011.66;102072.22
 12089;100011.78;102071.92
 12112;100011.94;102073.31
 12135;100011.84;102073.17
 12158;100012.41;102073.61
 12182;100011.91;102075.58
 12205;100011.61;102075.84
 12228;100011.88;102076.80
 12252;100011.88;102077.95
 12275;100011.91;102078.55
 12297;100011.91;102078.52
 12321;100012.06;102079.36
 12344;100011.84;102080.22
 12367;100011.75;102081.31
 12390;100012.00;102082.22
 12414;100011.73;102081.66
 12437;100011.95;102082.75
 12459;100012.25;102084.36
 12483;100011.72;102084.44
 12506;100012.33;102085.61
 12529;100012.11;102087.08
 12552;100012.05;102087.31
 12576;100012.09;102088.41
 12599;100012.05;102088.98
 12622;100012.06;102089.80
 12646;100011.98;102090.95
 12668;100012.28;102091.69
 12691;100012.41;102092.25
 12715;100011.86;102092.92
 12738;100011.58;102093.17
 12761;100011.48;102094.05
 12784;100011.69;102095.34
 12807;100012.14;102096.73
 12831;100011.89;102095.70
 12853;100011.92;102097.19
 12877;100011.89;102098.42
 12899;100012.12;102098.94
 12923;100011.70;102100.03
 12947;100011.92;102100.25
 12969;100012.08;102101.47
 12993;100011.75;102102.77
 13016;100011.66;102103.45
 13039;100012.28;102103.30
 13062;100011.97;102104.62
 13086;100012.00;102106.19
 13109;100012.14;102105.98
 13131;100012.28;102107.91
 13154;100012.42;102107.84
 13178;100011.94;102108.66
 13201;100012.06;102110.16
 13224;100012.14;102109.98
 13248;100011.94;102111.53
 13271;100011.78;102113.06
 13293;100012.27;102113.17
 13317;100012.12;102114.42
 13340;100012.03;102113.97
 13363;100011.92;102115.92
 13387;100012.38;102116.33
 13410;100011.88;102117.05
 13432;100011.86;102117.67
 13456;100011.64;102119.09
 13479;100012.11;102119.92
 13502;100012.08;102120.19
 13525;100012.19;102121.23
 13549;100011.83;102121.97
 13572;100011.75;102121.61
 13595;100011.95;102123.59
 13619;100012.36;102124.16
 13641;100012.06;102125.05
 13664;100012.03;102124.89
 13688;100012.12;102126.94
 13711;100012.58;102127.56
 13734;100011.89;102128.70
 13756;100011.94;102128.67
 13781;100012.12;102130.50
 13803;100012.48;102129.98
 13826;100012.42;102132.38
 13850;100012.31;102131.95
 13873;100012.38;102132.47
 13896;100012.12;102133.41
 13919;100012.23;102134.52
 13943;100012.70;102135.27
 13965;100012.42;102135.41
 13988;100012.06;102135.81
 14012;100012.31;102137.83
 14035;100012.08;102138.36
 14058;100011.92;102138.97
 14081;100011.89;102138.97
 14105;100011.88;102139.77
 14128;100011.88;102141.00
 14150;100011.78;102141.19
 14174;100012.19;102142.22
 14197;100012.33;102142.61
 14220;100012.25;102143.62
 14244;100012.33;102144.06
 14267;100012.14;102145.03
 14290;100012.06;102146.09
 14313;100012.11;102146.64
 14336;100012.66;102147.23
 14359;100012.31;102147.59
 14382;100012.53;102149.34
 14406;100011.92;102149.45
 14429;100011.80;102150.22
 14452;100012.22;102150.92
 14474;100012.30;102150.98
 14498;100012.08;102152.31
 14521;100012.80;102152.38
 14544;100012.45;102154.08
 14568;100012.56;102154.30
 14591;100011.89;102154.39
 14614;100011.88;102154.52
 14638;100012.42;102155.19
 14660;100012.41;102155.94
 14683;100011.48;102156.92
 14707;100012.42;102157.11
 14730;100012.42;102158.39
 14753;100012.45;102159.86
 14777;100012.30;102159.97
 14800;100011.98;102160.16
 14822;100012.20;102159.56
 14845;100012.56;102161.19
 14869;100012.23;102161.95
 14892;100012.33;102162.22
 14915;100012.34;102163.00
 14939;100011.97;102163.44
 14962;100012.08;102164.33
 14985;100011.91;102165.34
 15007;100012.55;102165.70
 15031;100012.17;102165.56
 15054;100012.77;102167.00
 15077;100012.38;102166.78
 15100;100012.45;102167.67
 15124;100012.12;102168.53
 15147;100012.73;102169.20
 15170;100012.23;102170.12
 15193;100012.23;102170.59
 15216;100012.61;102170.33
 15239;100012.47;102171.17
 15263;100012.09;102171.83
 15286;100012.36;102172.38
 15309;100012.69;102173.02
 15333;100011.75;102173.09
 15355;100012.42;102173.64
 15378;100012.16;102174.55
 15402;100012.19;102175.48
 15425;100012.56;102174.88
 15448;100012.42;102176.66
 15471;100012.20;102177.02
 15495;100011.98;102177.38
 15517;100011.88;102176.89
 15540;100012.44;102178.42
 15564;100012.27;102178.53
 15587;100012.17;102178.95
 15610;100012.52;102179.42
 15634;100012.39;102179.88
 15656;100012.94;102180.42
 15679;100012.17;102181.20
 15703;100012.34;102181.39
 15726;100012.39;102181.34
 15749;100012.31;102182.83
 15772;100011.98;102183.17
 15796;100012.25;102183.06
 15819;100012.45;102182.44
 15841;100012.12;102184.02
 15865;100012.70;102183.28
 15889;100012.41;102185.53
 15911;100012.38;102186.69
 15934;100012.66;102185.97
 15957;100012.27;102186.23
 15981;100012.12;102186.80
 16004;100012.34;102186.98
 16027;100012.36;102188.11
 16051;100012.45;102187.95
 16073;100012.48;102188.38
 16096;100012.00;102188.45
 16120;100012.50;102189.28
 16143;100012.58;102190.27
 16166;100012.86;102190.59
 16189;100012.62;102190.48
 16213;100012.20;102190.84
 16235;100012.20;102191.36
 16258;100012.56;102191.38
 16282;100013.27;102192.00
 16305;100012.62;102192.58
 16328;100012.19;102191.92
 16352;100012.48;102192.84
 16375;100012.31;102193.50
 16397;100012.45;102193.84
 16420;100012.59;102194.11
 16444;100012.31;102194.33
 16467;100012.52;102195.17
 16490;100012.23;102195.20
 16514;100011.97;102196.02
 16537;100012.80;102195.78
 16560;100012.11;102196.80
 16583;100012.03;102196.89
 16606;100012.36;102197.67
 16629;100013.00;102198.23
 16652;100012.34;102197.81
 16676;100012.06;102197.78
 16699;100012.36;102197.66
 16722;100012.23;102198.75
 16746;100012.39;102198.91
 16768;100012.36;102199.30
 16791;100012.58;102200.38
 16814;100011.98;102201.11
 16838;100012.47;102201.27
 16861;100012.30;102200.08
 16884;100012.92;102200.86
 16908;100012.50;102201.30
 16930;100012.53;102202.34
 16953;100012.73;102201.27
 16977;100012.33;102202.62
 17000;100012.64;102202.75
 17023;100012.58;102202.53
 17047;100012.58;102203.52
 17070;100012.84;102203.55
 17092;100012.42;102204.83
 17115;100012.44;102204.69
 17139;100012.50;102204.83
 17162;100012.44;102205.44
 17185;100012.47;102204.84
 17209;100012.25;102205.50
 17232;100012.48;102206.62
 17255;100012.67;102205.78
 17277;100012.78;102205.33
 17301;100013.19;102206.52
 17324;100012.34;102206.38
 17347;100012.64;102207.33
 17371;100012.48;102207.81
 17394;100013.03;102207.00
 17416;100012.70;102206.52
 17440;100011.97;102208.02
 17463;100012.31;102207.91
 17486;100012.47;102209.12
 17510;100012.70;102209.45
 17533;100012.50;102208.77
 17556;100012.64;102208.73
 17579;100012.58;102209.12
 17603;100012.80;102210.12
 17626;100013.08;102209.61
 17648;100012.41;102211.38
 17672;100012.84;102211.14
 17695;100012.88;102210.41
 17718;100012.75;102210.30
 17741;100012.44;102211.17
 17765;100012.89;102210.53
 17787;100012.42;102212.31
 17810;100012.44;102211.05
 17834;100012.66;102212.47
 17857;100012.77;102211.95
 17880;100012.86;102212.75
 17904;100012.91;102212.61
 17926;100012.89;102212.05
 17949;100012.53;102212.53
 17973;100012.67;102212.33
 17996;100012.14;102213.16
 18019;100012.95;102213.72
 18042;100012.36;102213.94
 18066;100012.73;102213.44
 18089;100012.20;102213.81
 18111;100012.77;102214.39
 18135;100012.97;102214.36
 18158;100012.94;102213.64
 18181;100012.69;102215.09
 18204;100012.88;102215.02
 18228;100012.70;102214.59
 18251;100012.62;102214.31
 18274;100012.52;102213.97
 18298;100012.70;102215.08
 18320;100012.84;102215.91
 18343;100012.91;102215.27
 18366;100012.58;102215.81
 18390;100013.08;102215.48
 18413;100012.41;102216.45
 18436;100012.91;102215.47
 18460;100013.03;102216.67
 18482;100012.47;102216.52
 18505;100012.89;102217.19
 18529;100012.64;102217.33
 18552;100013.16;102216.52
 18575;100012.31;102217.91
 18598;100013.08;102216.92
 18622;100012.58;102216.20
 18645;100013.25;102217.31
 18667;100013.22;102217.20
 18691;100012.55;102217.23
 18714;100012.41;102218.41
 18737;100012.67;102217.97
 18760;100012.95;102217.89
 18784;100012.39;102218.41
 18807;100012.58;102219.27
 18830;100012.75;102217.64
 18853;100012.50;102218.06
 18876;100012.80;102218.00
 18900;100013.03;102218.94
 18922;100013.09;102218.16
 18946;100013.03;102218.20
 18968;100012.72;102218.61
 18992;100013.23;102218.53
 19016;100012.80;102218.58
 19038;100012.92;102219.91
 19061;100012.14;102218.38
 19084;100012.97;102219.03
 19108;100012.95;102219.53
 19131;100013.17;102219.05
 19154;100012.75;102217.89
 19178;100012.77;102219.59
 19201;100012.67;102218.98
 19223;100012.41;102219.92
 19246;100013.05;102219.95
 19270;100013.08;102219.66
 19293;100012.91;102220.30
 19316;100013.14;102219.91
 19340;100012.89;102220.73
 19363;100012.98;102219.75
 19386;100013.27;102220.38
 19408;100012.77;102220.48
 19432;100012.77;102220.28
 19455;100012.94;102220.36
 19478;100012.30;102220.06
 19502;100013.19;102220.73
 19525;100013.14;102220.78
 19548;100013.08;102220.12
 19571;100012.91;102220.80
 19595;100012.61;102220.89
 19617;100013.00;102221.25
 19640;100013.08;102220.31
 19663;100012.98;102220.70
 19687;100013.38;102220.09
 19710;100013.22;102220.98
 19733;100012.73;102220.64
 19757;100013.00;102220.75
 19780;100013.12;102221.27
 19802;100013.11;102220.19
 19825;100013.11;102221.08
 19849;100012.78;102221.14
 19873;100012.89;102221.73
 19896;100012.58;102221.06
 19918;100012.69;102221.83
 19941;100013.27;102221.88
 19965;100012.75;102221.91
 19988;100013.84;102221.28
 20011;100013.09;102220.92
 20035;100013.06;102221.31
 20058;100013.12;102221.95
 20080;100012.88;102222.20
 20103;100013.12;102222.73
 20127;100013.06;102222.58
 20150;100013.11;102221.34
 20173;100013.02;102221.45
 20197;100013.23;102221.77
 20220;100013.06;102221.05
 20242;100013.23;102221.66
 20266;100013.20;102221.80
 20289;100013.33;102222.11
 20312;100013.19;102222.28
 20335;100013.36;102221.91
 20359;100012.69;102221.67
 20382;100012.52;102222.62
 20405;100012.97;102221.80
 20428;100012.78;102221.98
 20451;100013.25;102221.69
 20474;100012.86;102222.31
 20498;100012.62;102221.14
 20521;100013.73;102221.53
 20544;100012.80;102221.50
 20568;100012.95;102221.88
 20591;100013.00;102220.86
 20613;100013.03;102221.44
 20636;100013.27;102222.25
 20660;100013.00;102221.05
 20683;100013.41;102222.33
 20706;100012.75;102220.78
 20730;100013.73;102222.06
 20753;100012.91;102221.59
 20775;100012.52;102221.30
 20798;100012.69;102222.34
 20822;100013.00;102220.58
 20845;100012.36;102221.69
 20868;100013.19;102221.41
 20891;100013.02;102221.81
 20915;100012.75;102222.14
 20938;100012.78;102221.33
 20960;100013.42;102221.70
 20984;100012.91;102221.11
 21007;100013.08;102221.81
 21030;100013.33;102221.27
 21053;100013.16;102221.44
 21077;100012.84;102221.78
 21100;100012.66;102220.81
 21123;100012.95;102221.03
 21147;100013.03;102221.36
 21169;100012.78;102221.03
 21192;100013.20;102221.09
 21215;100013.53;102220.41
 21239;100012.73;102220.69
 21262;100013.30;102221.42
 21285;100012.73;102220.92
 21309;100013.09;102220.44
 21331;100013.25;102219.78
 21354;100012.95;102220.56
 21378;100013.30;102221.48
 21401;100013.69;102220.02
 21424;100013.20;102220.16
 21448;100013.28;102220.09
 21471;100013.16;102220.25
 21493;100013.39;102219.83
 21516;100013.34;102219.75
 21540;100013.56;102219.88
 21563;100013.53;102219.39
 21586;100013.05;102219.89
 21610;100013.31;102219.86
 21633;100013.38;102220.16
 21655;100012.92;102219.67
 21679;100013.33;102219.75
 21702;100013.31;102220.33
 21725;100013.30;102220.47
 21748;100013.34;102219.30
 21772;100013.06;102220.48
 21795;100013.72;102219.78
 21818;100013.53;102219.66
 21841;100013.25;102218.88
 21865;100013.27;102219.03
 21887;100013.62;102219.80
 21910;100013.80;102218.45
 21933;100013.58;102218.58
 21957;100013.55;102218.61
 21980;100013.27;102219.31
 22003;100013.81;102219.19
 22026;100013.59;102219.27
 22049;100013.50;102218.58
 22072;100013.83;102217.98
 22096;100013.73;102218.56
 22119;100013.41;102219.42
 22142;100013.64;102218.98
 22165;100013.95;102218.23
 22189;100013.61;102218.78
 22212;100013.50;102218.89
 22235;100013.59;102218.39
 22257;100013.41;102218.88
 22281;100013.28;102218.33
 22304;100013.06;102217.69
 22327;100013.52;102217.86
 22350;100013.47;102216.88
 22374;100013.81;102218.03
 22397;100013.14;102218.05
 22420;100013.88;102217.72
 22444;100013.64;102216.38
 22466;100013.41;102216.70
 22489;100013.52;102216.77
 22513;100013.59;102217.19
 22536;100013.95;102217.38
 22559;100013.39;102216.61
 22582;100013.42;102216.97
 22606;100013.25;102217.12
 22629;100013.69;102216.06
 22651;100013.58;102217.08
 22674;100013.83;102216.14
 22698;100013.22;102216.66
 22721;100013.41;102215.34
 22744;100013.48;102215.98
 22768;100013.80;102215.34
 22791;100013.91;102215.48
 22814;100013.48;102215.56
 22836;100013.64;102215.61
 22861;100013.42;102216.12
 22883;100013.55;102215.77
 22906;100013.45;102215.95
 22930;100013.56;102215.41
 22953;100013.84;102214.78
 22976;100013.41;102215.06
 23000;100014.03;102214.25
 23022;100013.77;102213.94
 23045;100014.11;102213.94
 23069;100013.66;102214.78
 23092;100013.69;102214.17
 23115;100013.50;102214.39
 23138;100013.64;102214.22
 23162;100013.86;102213.95
 23184;100013.86;102214.12
 23207;100013.31;102213.89
 23231;100013.97;102213.59
 23254;100014.14;102212.62
 23277;100013.42;102212.05
 23300;100013.03;102212.39
 23324;100013.98;102212.58
 23347;100013.91;102212.77
 23369;100013.91;102212.92
 23393;100013.62;102212.56
 23416;100013.44;102212.42
 23440;100013.00;102211.72
 23463;100013.89;102212.25
 23485;100013.95;102212.08
 23508;100013.75;102212.70
 23532;100013.94;102211.77
 23555;100013.70;102211.19
 23578;100013.66;102212.30
 23601;100013.58;102211.73
 23625;100013.80;102211.95
 23647;100013.80;102210.97
 23670;100013.78;102210.45
 23694;100013.39;102210.23
 23717;100013.70;102211.03
 23740;100013.80;102211.08
 23764;100013.95;102211.11
 23787;100013.92;102209.27
 23810;100013.67;102210.80
 23833;100014.33;102209.72
 23857;100013.72;102210.33
 23879;100013.78;102210.20
 23902;100014.05;102209.78
 23925;100013.91;102209.61
 23949;100014.06;102209.33
 23972;100013.70;102208.88
 23995;100014.30;102209.22
 24019;100013.69;102208.31
 24041;100013.44;102208.84
 24064;100014.17;102209.17
 24088;100014.39;102208.64
 24111;100014.00;102208.02
 24134;100013.80;102207.45
 24157;100014.31;102208.02
 24181;100013.84;102207.72
 24204;100013.78;102207.67
 24226;100013.98;102207.03
 24251;100013.80;102206.62
 24273;100013.70;102206.42
 24296;100013.84;102205.95
 24319;100013.97;102207.22
 24343;100013.61;102206.69
 24366;100013.86;102206.61
 24389;100013.98;102206.23
 24413;100013.53;102206.48
 24435;100013.58;102205.91
 24458;100014.22;102206.50
 24481;100014.39;102205.62
 24505;100013.81;102206.42
 24528;100013.56;102205.75
 24551;100013.52;102205.22
 24574;100013.97;102205.83
 24598;100013.98;102205.75
 24621;100014.03;102204.92
 24643;100013.62;102204.23
 24667;100013.73;102204.20
 24690;100014.31;102203.78
 24713;100013.67;102203.88
 24736;100014.12;102203.38
 24760;100013.73;102203.89
 24783;100013.47;102202.91
 24805;100014.20;102204.14
 24829;100013.83;102203.20
 24853;100013.80;102202.73
 24876;100013.89;102202.38
 24899;100013.30;102202.83
 24922;100014.16;102202.52
 24945;100014.00;102202.69
 24968;100013.73;102201.91
 24991;100014.12;102201.95
 25015;100013.62;102201.73
 25037;100014.05;102202.53
 25061;100013.56;102201.33
 25084;100013.91;102201.19
 25108;100014.30;102201.94
 25130;100013.98;102200.16
 25153;100013.84;102201.44
 25176;100013.92;102200.97
 25200;100014.03;102200.70
 25223;100013.72;102200.16
 25246;100013.56;102199.45
 25270;100014.05;102200.02
 25292;100014.11;102199.34
 25315;100013.47;102199.83
 25339;100014.17;102199.23
 25362;100013.41;102199.95
 25385;100013.28;102198.28
 25408;100014.12;102199.06
 25432;100014.27;102198.36
 25454;100013.78;102198.70
 25477;100013.83;102197.81
 25501;100014.03;102197.41
 25524;100014.09;102197.41
 25547;100014.17;102198.02
 25571;100013.73;102196.61
 25594;100013.95;102198.23
 25616;100013.94;102197.14
 25640;100014.36;102196.91
 25663;100014.61;102196.45
 25686;100013.52;102197.09
 25709;100013.39;102196.80
 25733;100014.23;102196.66
 25755;100013.45;102194.88
 25778;100013.95;102196.02
 25802;100013.53;102194.56
 25825;100014.12;102195.77
 25848;100013.89;102195.11
 25871;100014.12;102194.88
 25895;100013.38;102194.39
 25918;100013.42;102194.22
 25941;100014.08;102193.98
 25965;100014.16;102193.50
 25987;100014.02;102193.59
 26010;100013.48;102193.38
 26034;100014.03;102194.33
 26057;100013.95;102192.42
 26080;100013.97;102193.30
 26104;100013.86;102193.17
 26126;100013.75;102192.92
 26149;100013.97;102192.11
 26172;100014.06;102193.34
 26196;100013.81;102192.41
 26219;100013.80;102191.28
 26242;100013.78;102191.98
 26266;100014.16;102192.39
 26289;100013.55;102190.58
 26311;100014.12;102190.64
 26334;100013.77;102190.95
 26358;100013.38;102190.22
 26381;100013.81;102190.62
 26404;100014.39;102190.42
 26428;100013.75;102189.89
 26451;100013.78;102190.16
 26473;100014.44;102189.28
 26497;100013.97;102189.72
 26520;100013.58;102188.97
 26543;100013.72;102187.91
 26566;100014.20;102187.75
 26590;100014.05;102187.58
 26613;100013.70;102188.50
 26635;100014.16;102188.64
 26659;100013.98;102187.36
 26682;100013.94;102187.12
 26705;100013.58;102187.92
 26729;100013.80;102187.41
 26752;100013.91;102187.20
 26775;100014.08;102187.30
 26797;100013.58;102186.98
 26822;100013.73;102185.88
 26844;100014.02;102185.62
 26867;100013.67;102186.86
 26890;100014.00;102185.39
 26914;100013.80;102185.20
 26937;100013.61;102185.56
 26960;100013.38;102185.16
 26984;100013.98;102183.88
 27007;100013.19;102183.78
 27029;100013.98;102183.70
 27052;100013.88;102184.02
 27076;100013.62;102184.16
 27099;100013.97;102184.27
 27122;100013.55;102183.03
 27146;100013.89;102183.28
 27169;100013.67;102182.52
 27191;100014.19;102182.70
 27215;100013.86;102182.36
 27238;100013.92;102182.98
 27261;100013.81;102181.48
 27284;100013.72;102182.50
 27308;100014.05;102181.45
 27331;100013.92;102182.23
 27354;100014.12;102180.75
 27377;100013.62;102181.38
 27400;100014.05;102180.91
 27423;100013.53;102180.25
 27447;100014.08;102180.81
 27470;100014.19;102180.44
 27493;100014.16;102180.38
 27515;100013.67;102179.67
 27539;100013.94;102178.88
 27562;100013.70;102179.25
 27585;100014.02;102179.11
 27609;100013.98;102179.05
 27632;100014.22;102179.27
 27655;100013.59;102178.64
 27679;100013.28;102178.45
 27701;100013.95;102177.83
 27724;100013.89;102177.58
 27747;100013.78;102177.44
 27771;100013.53;102177.23
 27794;100013.92;102177.53
 27817;100013.91;102176.80
 27841;100013.77;102176.25
 27864;100014.09;102176.64
 27887;100013.92;102176.00
 27910;100014.11;102176.92
 27933;100014.47;102175.66
 27957;100013.59;102175.73
 27979;100013.67;102175.14
 28002;100013.73;102175.14
 28025;100013.70;102175.52
 28049;100013.75;102174.88
 28072;100014.33;102175.11
 28095;100013.58;102175.05
 28119;100013.58;102174.42
 28142;100013.91;102175.05
 28165;100014.11;102175.11
 28187;100013.81;102175.27
 28211;100013.66;102174.88
 28234;100013.62;102174.03
 28257;100014.12;102174.08
 28281;100013.86;102173.80
 28304;100013.92;102173.61
 28327;100013.53;102173.61
 28349;100013.98;102173.73
 28373;100013.86;102174.19
 28396;100013.94;102174.05
 28420;100014.05;102173.84
 28443;100013.98;102173.05
 28466;100013.84;102173.06
 28488;100013.92;102172.89
 28512;100013.55;102172.41
 28535;100014.20;102172.52
 28558;100014.33;102173.72
 28582;100013.72;102173.03
 28605;100013.62;102173.80
 28628;100014.06;102173.19
 28651;100013.69;102172.66
 28674;100014.12;102173.64
 28697;100013.34;102173.83
 28721;100014.05;102173.66
 28744;100013.77;102172.92
 28767;100014.11;102174.47
 28790;100013.42;102174.16
 28814;100013.69;102174.28
 28837;100013.62;102173.94
 28860;100014.28;102174.75
 28882;100014.12;102174.03
 28906;100013.73;102174.92
 28929;100014.19;102173.30
 28952;100013.98;102174.94
 28976;100013.97;102174.48
 28999;100013.88;102174.58
 29022;100013.59;102174.19
 29044;100013.62;102174.66
 29068;100013.86;102175.03
 29091;100013.55;102175.06
 29114;100013.86;102176.38
 29137;100013.70;102176.61
 29161;100014.02;102175.50
 29184;100013.36;102176.42
 29206;100013.39;102176.67
 29231;100013.67;102177.27
 29253;100014.42;102177.83
 29276;100013.80;102178.55
 29300;100014.03;102179.28
 29323;100013.61;102179.86
 29346;100014.14;102181.12
 29370;100013.39;102182.16
 29392;100013.77;102182.42
 29415;100013.84;102182.77
 29438;100013.41;102183.58
 29462;100013.97;102183.66
 29485;100013.47;102184.23
 29508;100014.02;102186.81
 29532;100013.61;102186.92
 29554;100013.75;102187.62
 29577;100013.94;102189.61
 29601;100013.61;102190.17
 29624;100013.75;102191.19
 29647;100013.89;102191.61
 29671;100013.69;102192.59
 29693;100013.70;102194.16
 29716;100013.97;102193.53
 29740;100014.09;102197.42
 29762;100013.58;102197.22
 29786;100013.67;102199.61
 29810;100013.89;102200.67
 29832;100013.95;102203.08
 29856;100013.36;102204.77
 29879;100013.73;102205.91
 29902;100013.73;102207.94
 29925;100013.70;102209.03
 29949;100013.77;102210.58
 29971;100014.11;102212.47
 29995;100013.75;102215.31
 30018;100013.33;102216.97
 30041;100014.23;102219.55
 30065;100014.30;102221.22
 30087;100014.38;102222.89
 30110;100013.62;102226.70
 30134;100014.16;102228.00
 30157;100013.59;102228.89
 30180;100014.20;102231.77
 30204;100014.06;102235.08
 30227;100013.98;102236.83
 30249;100013.97;102238.45
 30272;100014.16;102241.11
 30296;100014.05;102243.91
 30319;100013.78;102245.19
 30342;100014.20;102248.89
 30365;100013.81;102250.95
 30389;100013.36;102253.78
 30411;100013.88;102254.72
 30434;100013.98;102258.70
 30458;100014.33;102261.14
 30481;100013.80;102263.98
 30504;100013.75;102266.12
 30527;100014.08;102268.39
 30551;100014.11;102271.33
 30574;100013.94;102274.03
 30597;100013.86;102276.19
 30621;100014.17;102278.22
 30643;100014.16;102282.05
 30666;100014.44;102284.77
 30690;100013.77;102287.97
 30713;100014.36;102289.70
 30736;100014.05;102292.58
 30758;100014.66;102294.80
 30782;100014.05;102297.59
 30805;100014.08;102299.81
 30828;100013.97;102303.61
 30851;100013.72;102306.06
 30875;100013.84;102310.25
 30898;100014.00;102311.77
 30921;100013.97;102315.06
 30944;100013.50;102317.88
 30968;100013.89;102320.62
 30991;100013.80;102323.31
 31014;100013.58;102326.09
 31037;100013.84;102328.72
 31060;100013.70;102330.69
 31083;100014.05;102333.17
 31107;100013.52;102336.30
 31130;100014.34;102339.08
 31153;100013.98;102341.25
 31177;100013.89;102344.27
 31199;100013.77;102346.11
 31222;100013.69;102348.27
 31245;100013.48;102350.45
 31269;100014.56;102353.64
 31292;100014.00;102356.00
 31315;100013.77;102358.02
 31339;100014.41;102360.67
 31361;100014.02;102362.75
 31384;100013.84;102365.08
 31407;100013.94;102367.31
 31431;100013.56;102368.72
 31454;100014.12;102370.94
 31477;100013.92;102373.11
 31501;100013.86;102375.81
 31524;100014.38;102378.28
 31546;100014.08;102379.50
 31569;100014.03;102382.05
 31592;100013.95;102383.80
 31616;100014.42;102384.88
 31639;100014.28;102387.58
 31662;100014.00;102389.02
 31686;100013.61;102390.92
 31709;100013.77;102393.20
 31732;100014.11;102394.61
 31756;100013.84;102396.22
 31778;100013.91;102397.69
 31801;100013.98;102400.78
 31824;100013.81;102401.98
 31848;100014.00;102404.45
 31872;100014.44;102405.12
 31895;100013.86;102408.73
 31917;100014.22;102408.98
 31940;100013.97;102411.38
 31964;100013.97;102413.45
 31987;100013.81;102414.92
 32010;100014.28;102415.95
 32033;100013.75;102418.95
 32056;100014.41;102420.09
 32079;100014.02;102421.33
 32103;100014.06;102423.17
 32126;100014.53;102424.33
 32149;100013.84;102426.83
 32172;100014.20;102427.08
 32196;100014.39;102429.56
 32218;100013.91;102431.48
 32241;100014.00;102432.28
 32265;100014.58;102434.67
 32288;100014.09;102435.52
 32311;100014.05;102437.30
 32335;100014.09;102438.27
 32358;100013.78;102441.02
 32380;100014.80;102442.03
 32403;100013.94;102443.55
 32427;100014.41;102444.52
 32450;100014.12;102446.03
 32473;100014.66;102447.02
 32496;100014.67;102448.53
 32519;100014.05;102450.45
 32543;100014.11;102450.66
 32565;100014.19;102452.56
 32589;100014.33;102454.16
 32612;100014.02;102455.33
 32636;100014.28;102456.20
 32659;100013.95;102457.30
 32681;100014.59;102459.75
 32705;100014.19;102460.56
 32728;100014.28;102461.81
 32751;100013.89;102462.06
 32774;100013.94;102464.27
 32798;100013.94;102464.94
 32821;100014.42;102466.16
 32844;100014.09;102468.14
 32867;100014.12;102469.64
 32891;100014.17;102469.81
 32914;100013.91;102471.41
 32936;100013.91;102472.06
 32959;100014.08;102474.38
 32983;100014.05;102474.88
 33006;100014.80;102476.11
 33029;100014.11;102476.47
 33053;100014.58;102477.03
 33076;100014.09;102478.95
 33098;100014.16;102479.53
 33121;100014.03;102480.91
 33145;100014.41;102481.67
 33168;100014.06;102482.30
 33191;100014.58;102483.66
 33215;100014.41;102483.80
 33238;100014.41;102485.00
 33261;100014.20;102486.02
 33284;100013.69;102487.56
 33307;100014.53;102487.61
 33330;100014.17;102489.20
 33353;100014.09;102489.70
 33377;100014.30;102491.42
 33400;100014.30;102490.91
 33422;100014.28;102492.36
 33446;100013.89;102492.75
 33469;100013.98;102493.41
 33492;100014.42;102494.83
 33516;100014.09;102495.44
 33539;100014.75;102495.09
 33562;100014.23;102497.23
 33586;100014.45;102497.34
 33608;100014.06;102497.98
 33631;100014.06;102498.72
 33654;100014.30;102499.67
 33678;100014.08;102500.67
 33701;100014.30;102501.23
 33724;100013.95;102501.16
 33748;100014.39;102502.08
 33771;100014.22;102502.19
 33793;100014.12;102502.94
 33816;100013.80;102503.73
 33840;100014.23;102505.17
 33863;100014.42;102505.48
 33886;100014.55;102505.33
 33910;100014.00;102506.23
 33933;100014.45;102506.70
 33956;100014.20;102507.67
 33978;100014.77;102508.23
 34002;100014.16;102509.20
 34025;100014.52;102509.80
 34048;100014.31;102508.62
 34072;100014.27;102511.23
 34095;100014.19;102511.30
 34118;100014.11;102512.28
 34141;100014.58;102511.66
 34165;100014.48;102512.42
 34187;100014.02;102513.81
 34210;100014.80;102513.66
 34234;100014.66;102513.64
 34257;100014.08;102514.64
 34280;100013.98;102515.70
 34303;100014.64;102514.91
 34327;100014.27;102516.09
 34349;100014.42;102517.06
 34372;100014.25;102517.67
 34396;100014.11;102517.47
 34419;100013.81;102517.12
 34442;100014.50;102517.25
 34466;100014.61;102519.06
 34489;100014.62;102518.72
 34511;100013.78;102519.58
 34534;100014.16;102520.08
 34558;100014.06;102520.27
 34581;100013.97;102520.17
 34604;100014.25;102521.86
 34628;100014.89;102521.28
 34651;100013.53;102522.17
 34674;100014.67;102522.22
 34696;100013.77;102522.36
 34720;100014.42;102522.56
 34743;100014.48;102523.03
 34766;100014.34;102522.81
 34790;100014.36;102522.73
 34813;100014.59;102524.64
 34836;100014.44;102523.61
 34859;100013.98;102523.95
 34882;100014.20;102525.00
 34906;100014.03;102524.81
 34929;100014.38;102524.30
 34951;100014.61;102525.81
 34974;100014.28;102525.06
 34998;100014.12;102526.23
 35021;100013.98;102525.88
 35044;100014.08;102526.38
 35068;100014.83;102526.88
 35091;100014.42;102526.34
 35114;100014.92;102526.48
 35137;100014.92;102527.45
 35160;100014.17;102526.83
 35184;100014.28;102527.72
 35207;100014.22;102528.25
 35229;100014.59;102528.38
 35253;100014.11;102528.97
 35276;100014.56;102528.69
 35299;100014.33;102527.89
 35322;100014.44;102528.61
 35346;100014.59;102529.42
 35369;100014.48;102529.42
 35392;100014.75;102529.52
 35415;100014.53;102529.75
 35438;100014.08;102529.77
 35461;100014.58;102529.75
 35485;100014.52;102529.95
 35508;100014.64;102530.92
 35531;100014.39;102529.47
 35554;100014.50;102531.02
 35578;100014.58;102530.66
 35600;100014.14;102529.92
 35623;100014.44;102530.11
 35646;100013.86;102530.05
 35670;100013.77;102530.94
 35693;100014.38;102531.06
 35716;100014.50;102532.08
 35740;100014.30;102531.84
 35762;100014.58;102530.47
 35785;100014.22;102531.05
 35809;100014.52;102531.38
 35832;100014.23;102531.00
 35855;100013.98;102532.31
 35878;100014.30;102532.72
 35902;100014.73;102532.11
 35925;100014.20;102531.66
 35948;100014.66;102531.95
 35970;100014.27;102532.02
 35994;100014.47;102531.94
 36017;100014.47;102532.25
 36040;100014.50;102533.67
 36064;100014.44;102532.14
 36087;100013.80;102532.38
 36110;100014.56;102531.77
 36133;100013.81;102532.77
 36157;100014.39;102533.48
 36179;100014.31;102532.58
 36202;100014.27;102531.88
 36226;100013.75;102532.88
 36249;100014.14;102532.00
 36272;100014.42;102532.72
 36295;100013.97;102533.00
 36319;100014.27;102532.94
 36341;100014.19;102532.69
 36364;100014.33;102532.97
 36388;100013.77;102533.20
 36411;100014.03;102532.30
 36434;100013.98;102531.45
 36458;100013.59;102532.86
 36481;100014.34;102532.95
 36503;100014.03;102532.91
 36526;100013.84;102532.69
 36550;100013.86;102532.98
 36573;100013.95;102532.09
 36596;100013.80;102531.80
 36620;100014.02;102532.30
 36643;100014.25;102532.66
 36666;100013.91;102532.73
 36690;100013.73;102531.84
 36712;100014.28;102532.78
 36735;100014.11;102532.75
 36758;100014.62;102532.36
 36782;100014.25;102531.34
 36805;100014.09;102531.19
 36828;100013.91;102531.70
 36851;100014.16;102532.36
 36876;100014.33;102531.41
 36897;100014.00;102532.00
 36920;100013.98;102532.11
 36944;100013.81;102532.89
 36967;100013.70;102532.12
 36990;100013.86;102531.84
 37013;100013.97;102532.19
 37037;100013.81;102531.23
 37059;100014.22;102530.39
 37083;100014.11;102531.50
 37106;100014.02;102530.67
 37129;100013.75;102530.69
 37152;100013.89;102530.73
 37176;100013.89;102530.83
 37199;100013.66;102531.88
 37222;100014.16;102530.94
 37244;100013.38;102530.30
 37268;100014.28;102530.59
 37291;100013.66;102530.41
 37314;100013.61;102529.64
 37338;100013.66;102530.66
 37361;100014.39;102530.50
 37383;100014.38;102529.25
 37407;100013.50;102529.39
 37430;100014.41;102529.55
 37453;100013.69;102530.17
 37477;100014.05;102529.59
 37500;100013.61;102529.39
 37523;100013.88;102528.91
 37546;100013.84;102529.70
 37569;100013.66;102528.28
 37592;100013.95;102528.95
 37616;100013.91;102529.22
 37639;100013.47;102529.00
 37661;100013.97;102528.27
 37685;100013.86;102528.64
 37708;100013.62;102528.69
 37731;100013.34;102527.81
 37755;100013.86;102527.94
 37778;100013.91;102528.44
 37801;100013.47;102527.36
 37825;100013.56;102527.38
 37847;100013.62;102527.42
 37870;100013.55;102526.78
 37893;100013.55;102527.53
 37917;100013.95;102527.52
 37940;100013.28;102526.80
 37963;100013.67;102525.89
 37987;100012.92;102525.31
 38009;100013.86;102525.41
 38032;100013.83;102526.38
 38056;100013.78;102525.75
 38079;100013.52;102525.12
 38102;100013.72;102525.48
 38125;100013.88;102525.23
 38149;100013.58;102525.06
 38172;100014.05;102524.95
 38194;100013.62;102523.91
 38218;100014.38;102525.00
 38241;100013.62;102524.42
 38264;100014.28;102524.62
 38287;100013.84;102524.84
 38311;100014.41;102524.33
 38334;100014.20;102524.55
 38356;100013.31;102523.08
 38380;100013.44;102522.89
 38403;100013.89;102523.53
 38426;100014.08;102524.02
 38450;100013.38;102522.36
 38473;100013.69;102522.94
 38496;100013.77;102522.20
 38519;100013.70;102522.12
 38543;100013.38;102521.70
 38565;100014.06;102522.95
 38588;100013.62;102521.14
 38612;100013.86;102521.23
 38635;100013.41;102521.67
 38658;100013.64;102521.41
 38681;100013.34;102520.73
 38704;100013.69;102521.78
 38728;100013.42;102521.03
 38751;100013.05;102519.95
 38774;100013.47;102519.73
 38796;100013.67;102519.92
 38820;100013.72;102519.61
 38844;100013.22;102519.31
 38866;100013.55;102518.58
 38889;100013.36;102518.27
 38913;100013.23;102518.52
 38936;100013.75;102518.39
 38959;100013.70;102518.48
 38982;100013.38;102517.70
 39006;100013.08;102517.75
 39029;100013.58;102517.16
 39051;100013.61;102518.72
 39075;100012.73;102517.62
 39098;100013.67;102517.66
 39121;100013.64;102515.92
 39144;100013.59;102516.80
 39168;100013.58;102516.42
 39191;100013.36;102516.33
 39214;100013.48;102515.27
 39238;100013.44;102515.50
 39261;100013.69;102515.53
 39283;100013.52;102515.88
 39306;100013.20;102515.28
 39330;100013.52;102514.77
 39353;100013.19;102514.39
 39376;100013.50;102514.23
 39400;100013.00;102513.94
 39422;100013.31;102514.25
 39445;100013.44;102513.84
 39468;100013.27;102514.12
 39492;100013.31;102513.27
 39515;100013.11;102512.83
 39538;100013.00;102511.86
 39562;100013.19;102512.45
 39585;100013.53;102511.72
 39608;100013.44;102512.20
 39630;100012.80;102511.72
 39654;100013.56;102510.53
 39677;100013.44;102511.62
 39700;100013.61;102511.08
 39724;100013.47;102510.42
 39747;100013.80;102510.55
 39770;100013.28;102510.75
 39792;100013.52;102509.89
 39817;100013.09;102510.30
 39839;100013.34;102509.75
 39862;100013.30;102509.67
 39885;100013.30;102508.31
 39908;100013.56;102508.95
 39932;100013.31;102508.73
 39955;100013.34;102507.73
 39978;100013.27;102507.95
 40002;100013.20;102507.17
 40025;100013.30;102507.16
 40048;100013.64;102506.67
 40072;100013.03;102506.73
 40094;100013.12;102506.50
 40117;100013.70;102505.45
 40140;100013.14;102505.56
 40164;100013.19;102505.36
 40187;100012.94;102505.69
 40210;100013.52;102504.67
 40234;100013.58;102505.81
 40256;100013.27;102503.92
 40279;100013.27;102504.67
 40302;100013.19;102502.88
 40326;100013.38;102504.17
 40349;100013.20;102503.30
 40371;100013.02;102503.66
 40395;100013.73;102503.27
 40418;100013.25;102502.41
 40441;100013.41;102502.84
 40465;100013.06;102503.09
 40488;100013.12;102502.36
 40511;100013.23;102501.70
 40535;100012.91;102501.25
 40557;100013.06;102501.47
 40580;100013.19;102500.47
 40604;100013.16;102501.19
 40627;100012.88;102500.66
 40650;100013.22;102500.41
 40674;100013.08;102499.52
 40696;100013.64;102498.36
 40719;100013.31;102499.22
 40742;100013.23;102499.16
 40766;100013.19;102499.03
 40789;100013.41;102497.67
 40812;100012.98;102497.84
 40836;100013.31;102498.28
 40859;100013.47;102497.45
 40881;100013.27;102497.25
 40904;100013.22;102496.53
 40928;100012.69;102496.03
 40951;100013.20;102496.55
 40975;100012.97;102496.45
 40998;100013.28;102496.69
 41020;100013.39;102495.44
 41043;100012.97;102495.02
 41067;100012.62;102495.25
 41090;100013.03;102494.86
 41113;100013.03;102494.56
 41137;100013.19;102493.89
 41160;100013.12;102494.55
 41183;100013.11;102493.92
 41205;100013.55;102493.84
 41229;100013.28;102493.69
 41252;100013.05;102492.44
 41275;100012.81;102491.28
 41299;100013.03;102492.19
 41322;100013.33;102492.41
 41345;100013.33;102490.70
 41369;100013.00;102490.97
 41391;100013.33;102490.98
 41414;100012.91;102490.92
 41438;100013.44;102490.23
 41461;100013.28;102489.12
 41484;100013.62;102490.06
 41507;100013.33;102488.34
 41531;100012.94;102488.17
 41553;100012.80;102488.55
 41576;100013.11;102487.56
 41600;100013.62;102488.02
 41623;100013.20;102487.19
 41646;100013.28;102487.59
 41670;100013.34;102486.95
 41692;100013.23;102485.95
 41715;100013.39;102486.42
 41739;100013.59;102486.00
 41762;100013.14;102485.36
 41785;100013.12;102485.77
 41808;100012.72;102485.50
 41832;100013.33;102484.86
 41854;100013.33;102484.36
 41878;100013.16;102484.05
 41901;100012.98;102483.72
 41923;100012.88;102484.27
 41947;100012.98;102483.20
 41970;100013.22;102482.98
 41993;100013.06;102483.20
 42017;100012.64;102482.64
 42040;100012.97;102481.89
 42063;100013.48;102481.41
 42087;100013.25;102480.72
 42109;100013.23;102480.20
 42133;100013.42;102480.59
 42155;100013.39;102481.52
 42178;100012.81;102480.55
 42202;100013.27;102480.88
 42225;100013.28;102479.62
 42248;100013.16;102479.47
 42271;100012.92;102478.94
 42295;100013.23;102477.70
 42318;100013.17;102479.05
 42341;100013.17;102477.70
 42365;100013.17;102477.36
 42387;100012.81;102477.86
 42410;100012.83;102477.62
 42433;100013.09;102476.89
 42457;100013.27;102475.31
 42480;100013.30;102475.70
 42503;100013.05;102475.50
 42527;100013.03;102475.50
 42549;100013.33;102475.11
 42572;100013.45;102475.52
 42595;100013.27;102474.77
 42619;100012.83;102475.88
 42642;100013.17;102473.98
 42665;100013.17;102474.55
 42689;100013.41;102473.64
 42712;100013.47;102472.45
 42735;100013.09;102473.34
 42757;100013.17;102471.58
 42781;100013.62;102471.62
 42804;100012.95;102471.34
 42827;100013.25;102471.27
 42850;100012.84;102470.30
 42875;100013.52;102470.75
 42897;100013.45;102470.03
 42920;100013.23;102469.39
 42943;100012.95;102469.16
 42967;100013.17;102469.17
 42989;100013.44;102469.14
 43013;100013.23;102469.77
 43036;100012.98;102468.70
 43059;100013.09;102467.77
 43082;100012.83;102467.50
 43105;100012.89;102467.84
 43129;100013.08;102466.86
 43152;100013.25;102465.73
 43175;100013.27;102466.09
 43198;100012.98;102466.06
 43222;100013.16;102466.03
 43244;100013.16;102465.92
 43267;100013.16;102465.14
 43290;100013.09;102464.23
 43314;100013.41;102464.22
 43337;100013.00;102463.62
 43360;100013.59;102463.83
 43384;100013.11;102463.12
 43406;100013.08;102463.36
 43429;100013.48;102462.88
 43453;100013.16;102462.33
 43476;100013.25;102461.55
 43499;100013.08;102462.02
 43522;100013.23;102461.84
 43546;100013.33;102460.95
 43569;100013.23;102460.12
 43591;100013.45;102459.52
 43614;100012.86;102459.91
 43638;100012.89;102459.20
 43661;100012.67;102458.86
 43684;100013.22;102458.97
 43708;100012.91;102458.83
 43731;100013.34;102457.84
 43753;100013.45;102457.89
 43777;100013.53;102457.00
 43800;100013.30;102457.00
 43823;100013.88;102456.47
 43846;100012.91;102455.45
 43871;100013.62;102455.70
 43893;100013.11;102455.58
 43916;100013.08;102455.36
 43940;100013.78;102455.38
 43962;100013.45;102455.66
 43986;100013.09;102454.69
 44008;100013.31;102453.27
 44032;100013.08;102453.88
 44054;100013.20;102453.52
 44078;100013.55;102453.78
 44101;100013.53;102452.94
 44124;100013.38;102452.42
 44148;100013.17;102451.66
 44171;100013.61;102452.06
 44194;100013.81;102451.11
 44218;100013.31;102450.05
 44241;100013.30;102450.72
 44263;100013.53;102450.98
 44286;100013.23;102450.00
 44310;100013.42;102449.56
 44333;100013.25;102449.22
 44356;100013.31;102448.47
 44379;100012.80;102449.00
 44403;100013.28;102447.62
 44425;100013.05;102448.42
 44448;100013.30;102447.84
 44472;100013.28;102447.45
 44495;100012.78;102446.45
 44518;100013.36;102446.48
 44542;100013.02;102446.06
 44565;100012.72;102445.94
 44587;100013.36;102444.94
 44610;100013.36;102445.17
 44634;100013.19;102445.55
 44657;100012.84;102444.14
 44680;100013.20;102443.12
 44704;100013.09;102444.06
 44727;100012.91;102443.02
 44750;100013.05;102443.08
 44773;100013.59;102442.73
 44796;100013.38;102443.34
 44819;100013.41;102443.02
 44842;100013.48;102441.80
 44866;100013.48;102441.00
 44889;100013.47;102440.67
 44912;100013.12;102440.55
 44936;100013.56;102440.23
 44958;100012.98;102440.80
 44981;100013.38;102440.06
 45005;100013.00;102439.45
 45028;100013.84;102439.30
 45051;100013.28;102439.20
 45075;100013.09;102438.33
 45097;100013.30;102438.14
 45120;100013.41;102437.38
 45143;100013.39;102437.83
 45167;100013.09;102436.23
 45190;100013.33;102435.33
 45213;100013.39;102436.03
 45236;100013.45;102435.58
 45260;100013.66;102434.64
 45283;100013.47;102434.56
 45305;100013.20;102435.11
 45329;100013.22;102433.59
 45352;100013.03;102434.66
 45375;100013.45;102433.88
 45399;100013.25;102433.27
 45422;100013.22;102432.72
 45445;100013.34;102431.44
 45468;100013.31;102432.95
 45491;100013.52;102432.17
 45514;100013.59;102431.95
 45537;100013.27;102430.53
 45561;100013.44;102430.83
 45584;100013.28;102430.56
 45606;100013.64;102430.30
 45630;100013.19;102429.88
 45654;100013.36;102429.36
 45676;100013.81;102428.98
 45699;100013.06;102428.36
 45723;100013.52;102428.58
 45746;100013.27;102428.30
 45769;100013.30;102428.31
 45793;100013.16;102427.16
 45816;100013.03;102427.06
 45839;100013.42;102426.53
 45861;100013.03;102426.80
 45885;100013.16;102425.70
 45908;100013.61;102425.38
 45931;100013.50;102424.62
 45955;100013.62;102423.78
 45978;100013.19;102424.89
 46001;100013.28;102424.56
 46023;100013.08;102424.12
 46047;100013.05;102422.77
 46070;100012.78;102422.64
 46093;100013.55;102422.52
 46117;100012.98;102421.53
 46140;100013.00;102421.39
 46163;100013.70;102421.92
 46187;100013.36;102421.19
 46209;100013.22;102420.19
 46232;100013.03;102420.02
 46255;100013.53;102421.05
 46279;100013.62;102419.98
 46302;100013.22;102418.62
 46325;100013.25;102419.22
 46349;100013.39;102418.44
 46372;100013.00;102419.06
 46394;100013.55;102417.81
 46417;100013.38;102417.44
 46441;100012.78;102416.95
 46464;100013.50;102417.58
 46488;100013.64;102416.28
 46511;100013.62;102415.45
 46533;100013.20;102414.75
 46556;100013.36;102415.22
 46580;100013.27;102414.31
 46603;100013.22;102415.02
 46626;100013.89;102413.84
 46650;100013.41;102413.47
 46672;100013.42;102413.72
 46695;100013.14;102412.05
 46719;100013.39;102412.48
 46742;100013.33;102411.23
 46765;100012.86;102411.78
 46789;100012.91;102412.17
 46813;100012.80;102410.34
 46835;100013.30;102410.11
 46857;100013.34;102410.94
 46881;100012.80;102410.80
 46904;100013.19;102410.56
 46927;100013.64;102409.55
 46950;100013.23;102409.14
 46974;100013.80;102408.62
 46996;100013.08;102408.38
 47019;100013.34;102407.52
 47043;100012.86;102407.77
 47066;100013.23;102407.53
 47089;100013.45;102406.27
 47112;100012.84;102406.03
 47136;100013.12;102407.28
 47159;100012.95;102405.80
 47182;100013.00;102405.36
 47206;100012.72;102404.16
 47228;100013.03;102404.83
 47251;100013.39;102404.06
 47274;100013.27;102403.31
 47298;100013.09;102403.48
 47321;100013.17;102402.66
 47344;100013.41;102402.08
 47368;100012.84;102402.44
 47391;100013.19;102401.66
 47413;100013.06;102401.45
 47436;100013.19;102400.80
 47460;100013.22;102400.41
 47483;100013.34;102400.22
 47506;100013.42;102400.03
 47530;100013.02;102400.08
 47553;100013.28;102398.66
 47575;100012.97;102399.53
 47598;100013.19;102398.88
 47622;100013.14;102398.31
 47645;100013.53;102397.95
 47668;100013.44;102397.48
 47692;100013.06;102396.39
 47715;100013.42;102396.73
 47737;100012.88;102396.62
 47761;100013.41;102395.89
 47784;100013.22;102395.89
 47807;100012.66;102394.50
 47830;100013.06;102394.70
 47854;100013.23;102394.42
 47877;100013.11;102394.08
 47900;100013.17;102393.75
 47923;100013.20;102392.77
 47947;100013.56;102393.20
 47969;100013.12;102392.48
 47992;100013.44;102392.62
 48016;100013.27;102391.88
 48039;100013.27;102391.78
 48062;100013.11;102390.66
 48085;100013.34;102390.28
 48109;100012.86;102391.02
 48132;100012.95;102389.92
 48154;100013.05;102389.42
 48178;100013.14;102389.02
 48201;100012.80;102389.47
 48224;100012.86;102387.95
 48247;100013.11;102388.48
 48271;100013.17;102388.17
 48294;100013.02;102386.56
 48316;100013.25;102386.52
 48341;100012.86;102387.12
 48363;100012.83;102386.16
 48386;100013.58;102385.92
 48410;100013.55;102385.39
 48433;100012.88;102384.27
 48456;100012.83;102384.50
 48478;100012.64;102384.89
 48502;100012.75;102383.73
 48525;100013.28;102383.31
 48548;100013.16;102383.31
 48572;100013.16;102382.77
 48595;100013.00;102382.12
 48618;100013.06;102382.47
 48641;100012.97;102382.14
 48664;100013.22;102381.80
 48687;100013.09;102381.55
 48711;100013.25;102380.52
 48734;100013.48;102380.33
 48757;100013.36;102380.38
 48780;100012.69;102379.14
 48804;100012.91;102379.47
 48827;100012.97;102378.47
 48849;100013.05;102378.25
 48872;100012.70;102378.25
 48896;100013.06;102378.19
 48919;100013.41;102376.97
 48942;100013.42;102375.98
 48966;100013.16;102375.73
 48988;100013.55;102376.53
 49012;100013.50;102375.11
 49034;100013.17;102375.14
 49058;100013.33;102374.17
 49082;100013.19;102374.00
 49105;100013.28;102373.28
 49128;100013.19;102373.17
 49150;100013.14;102372.66
 49173;100013.28;102372.86
 49198;100012.97;102373.19
 49220;100012.41;102372.38
 49243;100012.91;102371.58
 49266;100012.94;102371.47
 49290;100013.69;102371.58
 49313;100013.00;102369.77
 49336;100012.94;102370.47
 49360;100012.72;102369.88
 49382;100012.80;102368.86
 49405;100012.88;102369.53
 49428;100012.98;102368.47
 49452;100013.12;102367.95
 49475;100012.94;102367.47
 49498;100012.69;102367.92
 49522;100012.83;102366.97
 49544;100013.12;102366.64
 49567;100013.69;102366.17
 49591;100012.88;102366.86
 49614;100013.17;102365.61
 49637;100012.97;102365.64
 49661;100012.89;102363.86
 49684;100012.58;102365.27
 49706;100012.89;102363.66
 49729;100012.67;102364.28
 49753;100012.92;102364.23
 49776;100013.12;102363.73
 49799;100012.91;102363.61
 49822;100012.97;102362.81
 49846;100013.08;102361.97
 49869;100013.09;102361.89
 49892;100013.14;102361.73
 49915;100013.38;102360.34
 49938;100013.48;102360.67
 49961;100013.16;102360.17
 49984;100013.61;102359.16
 50008;100013.11;102358.97
 50031;100012.89;102359.20
 50054;100013.67;102359.22
 50078;100012.97;102358.39
 50100;100012.98;102358.45
 50123;100013.11;102357.55
 50147;100013.23;102356.38
 50170;100012.95;102357.20
 50193;100013.17;102356.59
 50217;100013.31;102355.98
 50240;100013.22;102356.19
 50262;100012.91;102354.86
 50285;100013.25;102354.98
 50309;100013.39;102353.81
 50332;100013.22;102353.81
 50355;100012.77;102354.02
 50379;100012.88;102352.89
 50402;100012.66;102353.27
 50424;100013.02;102352.70
 50447;100013.25;102351.94
 50471;100013.41;102352.03
 50494;100013.00;102351.59
 50517;100012.48;102350.89
 50541;100013.33;102351.45
 50564;100013.05;102350.92
 50586;100013.11;102349.75
 50610;100013.30;102349.41
 50633;100013.02;102348.27
 50656;100013.20;102348.77
 50679;100013.28;102348.77
 50703;100013.30;102347.83
 50726;100012.84;102348.25
 50749;100012.89;102346.98
 50773;100013.03;102347.77
 50795;100012.75;102346.81
 50818;100013.08;102346.75
 50841;100012.80;102345.97
 50865;100012.91;102345.39
 50888;100013.33;102343.89
 50911;100012.89;102344.69
 50934;100012.97;102344.19
 50957;100013.70;102343.23
 50980;100013.39;102343.27
 51004;100012.78;102343.09
 51027;100012.94;102341.83
 51050;100012.89;102342.30
 51074;100012.66;102342.66
 51097;100012.98;102341.23
 51119;100012.70;102341.81
 51142;100013.17;102340.47
 51166;100013.02;102341.02
 51189;100013.14;102339.62
 51212;100012.94;102340.09
 51235;100013.02;102340.25
 51259;100012.98;102338.95
 51282;100012.64;102338.56
 51305;100012.91;102338.27
 51328;100013.12;102338.05
 51352;100013.06;102339.03
 51374;100013.52;102336.86
 51397;100013.09;102336.48
 51421;100012.39;102336.00
 51444;100013.06;102335.86
 51467;100012.53;102336.08
 51490;100013.03;102334.83
 51514;100013.02;102334.83
 51536;100012.83;102334.47
 51559;100013.08;102333.77
 51582;100012.62;102333.83
 51606;100013.14;102333.53
 51629;100012.89;102332.83
 51652;100012.88;102332.25
 51676;100012.77;102332.03
 51699;100013.31;102331.45
 51721;100013.31;102331.38
 51745;100012.30;102330.95
 51768;100012.89;102330.72
 51791;100013.23;102330.03
 51814;100012.84;102329.52
 51838;100013.00;102329.28
 51861;100012.64;102328.59
 51884;100012.64;102329.41
 51907;100012.75;102328.36
 51930;100012.81;102328.56
 51953;100012.91;102327.47
 51977;100013.05;102327.11
 52000;100012.44;102326.80
 52022;100012.94;102326.45
 52046;100012.45;102325.59
 52069;100013.12;102326.03
 52092;100012.72;102325.20
 52116;100012.91;102325.00
 52139;100013.05;102325.28
 52162;100012.72;102324.38
 52186;100012.59;102324.81
 52208;100012.72;102324.11
 52231;100013.17;102322.61
 52254;100012.88;102322.56
 52278;100012.56;102323.00
 52301;100013.08;102322.44
 52324;100012.62;102321.94
 52348;100013.05;102321.66
 52371;100012.59;102320.53
 52393;100012.81;102319.98
 52417;100012.73;102319.83
 52440;100012.89;102319.45
 52463;100012.91;102319.31
 52486;100012.94;102319.72
 52510;100012.36;102318.09
 52533;100012.91;102317.53
 52555;100012.83;102317.81
 52579;100012.44;102316.61
 52602;100012.14;102317.06
 52625;100012.56;102316.84
 52649;100012.89;102316.4